{
  "Disabled": false,
  "Testing": false,
  "ScheduledForDeletion": false,
  "InstalledFromUrl": "",
  "WorkingPluginId": "c33f5ae5-73b9-407b-b3d9-64b43a3833f3",
  "IsThirdParty": false,
  "EffectiveVersion": "3.1.2.1",
  "Author": "Team Sloth",
  "Name": "XIVSlothCombo",
  "Punchline": "Condenses combos and mutually exclusive abilities onto a single button - and then some.",
  "Description": "Condenses combos and mutually exclusive abilities onto a single button - and then some.",
  "Changelog": "Please check the project's GitHub or Discord for a full changelog.",
  "Tags": null,
  "CategoryTags": null,
  "IsHide": false,
  "InternalName": "XIVSlothCombo",
  "AssemblyVersion": "3.1.2.1",
  "TestingAssemblyVersion": null,
  "IsTestingExclusive": false,
  "RepoUrl": "https://github.com/Nik-Potokar/XIVSlothCombo",
  "ApplicableVersion": "any",
  "DalamudApiLevel": 8,
  "DownloadCount": 0,
  "LastUpdate": 0,
  "DownloadLinkInstall": null,
  "DownloadLinkUpdate": null,
  "DownloadLinkTesting": null,
  "LoadRequiredState": 0,
  "LoadSync": false,
  "LoadPriority": 0,
  "CanUnloadAsync": false,
  "SupportsProfiles": true,
  "ImageUrls": null,
  "IconUrl": "https://raw.githubusercontent.com/Nik-Potokar/XIVSlothCombo/main/res/plugin/xivslothcombo.png",
  "AcceptsFeedback": true,
  "FeedbackMessage": null,
  "_Dip17Channel": null
}