{
  "Disabled": false,
  "Testing": false,
  "ScheduledForDeletion": false,
  "InstalledFromUrl": "",
  "WorkingPluginId": "cff2e99a-991a-4b69-8eb0-20a4c002e0a6",
  "IsThirdParty": false,
  "EffectiveVersion": "0.1.0.1237",
  "Author": "Asteria Nocturna",
  "Name": "Divination.Calculator",
  "Punchline": "/calc 33 - 4",
  "Description": "Simple plugin to just add /calc command.",
  "Changelog": null,
  "Tags": [
    "utility"
  ],
  "CategoryTags": [
    "utility"
  ],
  "IsHide": false,
  "InternalName": "Calculator",
  "AssemblyVersion": "0.1.0.1237",
  "TestingAssemblyVersion": null,
  "IsTestingExclusive": false,
  "RepoUrl": null,
  "ApplicableVersion": "any",
  "DalamudApiLevel": 8,
  "DownloadCount": 0,
  "LastUpdate": 0,
  "DownloadLinkInstall": null,
  "DownloadLinkUpdate": null,
  "DownloadLinkTesting": null,
  "LoadRequiredState": 0,
  "LoadSync": false,
  "LoadPriority": 0,
  "CanUnloadAsync": false,
  "SupportsProfiles": true,
  "ImageUrls": [],
  "IconUrl": null,
  "AcceptsFeedback": false,
  "FeedbackMessage": null,
  "_Dip17Channel": null
}