{
  "Disabled": false,
  "Testing": false,
  "ScheduledForDeletion": false,
  "InstalledFromUrl": "",
  "WorkingPluginId": "e6ff6b7e-39ac-45b3-9e7e-ab0166b119e9",
  "IsThirdParty": false,
  "EffectiveVersion": "0.1.0.1237",
  "Author": "Asteria Nocturna",
  "Name": "Divination.AetheryteLinkInChat",
  "Punchline": "Quick teleport for Mob Hunting",
  "Description": "Add a link to teleport to the nearest aetheryte into map link in chat.",
  "Changelog": null,
  "Tags": [
    "teleporter"
  ],
  "CategoryTags": [
    "utility"
  ],
  "IsHide": false,
  "InternalName": "AetheryteLinkInChat",
  "AssemblyVersion": "0.1.0.1237",
  "TestingAssemblyVersion": null,
  "IsTestingExclusive": false,
  "RepoUrl": null,
  "ApplicableVersion": "any",
  "DalamudApiLevel": 8,
  "DownloadCount": 0,
  "LastUpdate": 0,
  "DownloadLinkInstall": null,
  "DownloadLinkUpdate": null,
  "DownloadLinkTesting": null,
  "LoadRequiredState": 0,
  "LoadSync": false,
  "LoadPriority": 0,
  "CanUnloadAsync": false,
  "SupportsProfiles": true,
  "ImageUrls": [],
  "IconUrl": null,
  "AcceptsFeedback": false,
  "FeedbackMessage": null,
  "_Dip17Channel": null
}