<?xml version="1.0"?>
<doc>
    <assembly>
        <name>Messenger</name>
    </assembly>
    <members>
        <member name="T:Messenger.FriendListManager.FriendList">
            <summary>
            The class containing friend list functionality
            </summary>
        </member>
        <member name="T:Messenger.FriendListManager.FriendListEntry">
            <summary>
            An entry in a player's friend list.
            </summary>
        </member>
        <member name="P:Messenger.FriendListManager.FriendListEntry.ContentId">
            <summary>
            The content ID of the friend.
            </summary>
        </member>
        <member name="P:Messenger.FriendListManager.FriendListEntry.CurrentWorld">
            <summary>
            The current world of the friend.
            </summary>
        </member>
        <member name="P:Messenger.FriendListManager.FriendListEntry.HomeWorld">
            <summary>
            The home world of the friend.
            </summary>
        </member>
        <member name="P:Messenger.FriendListManager.FriendListEntry.Job">
            <summary>
            The job the friend is currently on.
            </summary>
        </member>
        <member name="P:Messenger.FriendListManager.FriendListEntry.RawName">
            <summary>
            The friend's raw SeString name. See <see cref="P:Messenger.FriendListManager.FriendListEntry.Name"/>.
            </summary>
        </member>
        <member name="P:Messenger.FriendListManager.FriendListEntry.RawFreeCompany">
            <summary>
            The friend's raw SeString free company tag. See <see cref="P:Messenger.FriendListManager.FriendListEntry.FreeCompany"/>.
            </summary>
        </member>
        <member name="P:Messenger.FriendListManager.FriendListEntry.Name">
            <summary>
            The friend's name.
            </summary>
        </member>
        <member name="P:Messenger.FriendListManager.FriendListEntry.FreeCompany">
            <summary>
            The friend's free company tag.
            </summary>
        </member>
        <member name="M:Messenger.Translation.ITranslationProvider.TranslateSynchronous(System.String)">
            <summary>
            This method will be called IN A DIFFERENT THREAD!
            </summary>
            <param name="sourceText">Text to translate</param>
            <returns>Translated text</returns>
        </member>
        <member name="T:Messenger.Translation.Providers.DummyProvider">
            <summary>
            Dummy translation provider which has the only purpose to demonstrate it's usage. Can turn text uppercase or lowercase.
            </summary>
        </member>
        <member name="M:GTranslatorAPI.ITranslator.TranslateAsync(GTranslatorAPI.Languages,GTranslatorAPI.Languages,System.String)">
            <summary>
            translate text from source and target languages codes
            </summary>
            <param name="sourceLanguage">source language code</param>
            <param name="targetLanguage">target language code</param>
            <param name="text">text to be translated</param>
            <returns>Translation object</returns>
        </member>
        <member name="M:GTranslatorAPI.ITranslator.TranslateFromNamesAsync(System.String,System.String,System.String)">
            <summary>
            translate text from source and target language names if valids
            </summary>
            <param name="sourceLanguageName">source language name</param>
            <param name="targetLanguageName">target language name</param>
            <param name="text">text to be translated</param>
            <returns>Translation object</returns>
        </member>
        <member name="M:GTranslatorAPI.ITranslator.TranslateAsync(System.String,System.String,System.String)">
            <summary>
            translate text from source and target languages ids given as string if valids
            </summary>
            <param name="sourceLanguageId">source language id</param>
            <param name="targetLanguageId">target language id</param>
            <param name="text">text to be translated</param>
            <returns>Translation object</returns>
        </member>
        <member name="T:GTranslatorAPI.LanguagesUtil">
            <summary>
            utilities on languages codes and names
            </summary>
        </member>
        <member name="T:GTranslatorAPI.NetUtil">
            <summary>
            internal net utils
            </summary>
        </member>
        <member name="P:GTranslatorAPI.NetUtil.UserAgent">
            <summary>
            user agent
            </summary>
        </member>
        <member name="P:GTranslatorAPI.NetUtil.NetworkQueryTimeout">
            <summary>
            query time out
            </summary>
        </member>
        <member name="M:GTranslatorAPI.NetUtil.#ctor">
            <summary>
            build a new instance
            </summary>
        </member>
        <member name="M:GTranslatorAPI.NetUtil.#ctor(GTranslatorAPI.Settings)">
            <summary>
            build a new instance from settings
            </summary>
            <param name="settings">network settings</param>
        </member>
        <member name="M:GTranslatorAPI.NetUtil.Escape(System.String)">
            <summary>
            http escape string
            </summary>
            <param name="text">text to be escaped</param>
            <returns>escaped string</returns>
        </member>
        <member name="M:GTranslatorAPI.NetUtil.GetQueryResponseAsync(System.String)">
            <summary>
            preform query at url and return result (or null), eventually exception message and object else status description
            </summary>
            <param name="url">url</param>
            <returns>resut|null,status description|error message,null|exception</returns>
        </member>
        <member name="M:GTranslatorAPI.NetUtil.GetResponseAsync(System.Net.HttpWebRequest)">
            <summary>
            async obtain response from query
            </summary>
            <param name="query">query to be performed</param>
            <returns>query stream result</returns>
        </member>
        <member name="M:GTranslatorAPI.NetUtil.CreateQuery(System.String)">
            <summary>
            get http get query object
            </summary>
            <param name="uri">target uri</param>
            <returns>web request</returns>
        </member>
        <member name="P:GTranslatorAPI.Settings.SplitStringBeforeTranslate">
            <summary>
            if true, the texts are split and translated using multiple queries
            </summary>
        </member>
        <member name="P:GTranslatorAPI.Settings.ParallelizeTranslationOfSegments">
            <summary>
            if true and SplitStringBeforeTranslate, the translation of segments is parrallelized
            </summary>
        </member>
        <member name="P:GTranslatorAPI.Settings.GTranslatorAPIURL">
            <summary>
            Google trad api uri (path and query)
            </summary>
        </member>
        <member name="P:GTranslatorAPI.Settings.NetworkQueryTimeout">
            <summary>
            query time out (ms)
            </summary>
        </member>
        <member name="P:GTranslatorAPI.Settings.UserAgent">
            <summary>
            user agent
            </summary>
        </member>
        <member name="M:GTranslatorAPI.Settings.#ctor">
            <summary>
            builds a new instance of the API settings using default settings
            </summary>
        </member>
        <member name="M:GTranslatorAPI.Settings.CreateFromFile(System.String)">
            <summary>
            builds a new instance of the API settings from settings file
            </summary>
            <param name="settingsFilePath">path of the file settings</param>
        </member>
        <member name="M:GTranslatorAPI.TranslateException.#ctor(System.String)">
            <summary>
            exception during translate operation
            </summary>
            <param name="txt">error text</param>
        </member>
        <member name="M:GTranslatorAPI.TranslateException.#ctor(System.String,System.Exception)">
            <summary>
            exception during translate operation
            </summary>
            <param name="txt">error text</param>
            <param name="ex">inner exception</param>
        </member>
        <member name="P:GTranslatorAPI.Translation.TranslatedText">
            <summary>
            translated text
            </summary>
        </member>
        <member name="P:GTranslatorAPI.Translation.OriginalText">
            <summary>
            original text
            </summary>
        </member>
        <member name="T:GTranslatorAPI.Translator">
            <summary>
            Google Trad API client
            </summary>
        </member>
        <member name="F:GTranslatorAPI.Translator._net">
            <summary>
            network utility
            </summary>
        </member>
        <member name="P:GTranslatorAPI.Translator.Settings">
            <summary>
            API settings 
            </summary>
        </member>
        <member name="M:GTranslatorAPI.Translator.#ctor(GTranslatorAPI.Settings)">
            <summary>
            build a new instance
            </summary>
            <param name="settings">settings or null to use default settings</param>
        </member>
        <member name="M:GTranslatorAPI.Translator.TranslateAsync(GTranslatorAPI.Languages,GTranslatorAPI.Languages,System.String)">
            <summary>
            translate text from source and target languages codes
            </summary>
            <param name="sourceLanguage">source language code</param>
            <param name="targetLanguage">target language code</param>
            <param name="text">text to be translated</param>
            <returns>Translation object or null</returns>
        </member>
        <member name="M:GTranslatorAPI.Translator.SplitText(System.String)">
            <summary>
            split text into segments according to the rules of division
            </summary>
            <param name="text"></param>
            <returns></returns>
        </member>
        <member name="M:GTranslatorAPI.Translator.NormalizeLineBreaks(System.String)">
            <summary>
            normalize line breaks from various occurences
            </summary>
            <param name="text">text</param>
            <returns>text with simple (\n) line breaks</returns>
        </member>
        <member name="M:GTranslatorAPI.Translator.RunTranslateQueryAsync(GTranslatorAPI.Languages,GTranslatorAPI.Languages,System.String)">
            <summary>
            translate async
            </summary>
            <param name="sourceLanguage">source language</param>
            <param name="targetLanguage">target language</param>
            <param name="text">text to be translated</param>
            <returns>translated text or errored task</returns>
        </member>
        <member name="M:GTranslatorAPI.Translator.BuildServiceUriPathAndQuery(System.String,GTranslatorAPI.Languages,GTranslatorAPI.Languages)">
            <summary>
            build the query uri
            </summary>
            <param name="text">text to be translated</param>
            <param name="sourceLanguage">source language</param>
            <param name="targetLanguage">target language</param>
            <returns>query uri</returns>
        </member>
        <member name="M:GTranslatorAPI.Translator.TranslateFromNamesAsync(System.String,System.String,System.String)">
            <summary>
            translate text from source and target language names if valids
            </summary>
            <param name="sourceLanguageName">source language name</param>
            <param name="targetLanguageName">target language name</param>
            <param name="text">text to be translated</param>
            <returns>Translation object or null</returns>
        </member>
        <member name="M:GTranslatorAPI.Translator.TranslateAsync(System.String,System.String,System.String)">
            <summary>
            translate text from source and target languages ids given as string if valids
            </summary>
            <param name="sourceLanguageId">source language id</param>
            <param name="targetLanguageId">target language id</param>
            <param name="text">text to be translated</param>
            <returns>Translation object or null</returns>
        </member>
        <member name="M:GTranslatorAPI.Translator.CheckIsNotNull(System.Object,System.String)">
            <summary>
            check if an object is null. throws exception if true
            </summary>
            <param name="obj">object to be checked</param>
            <param name="name">name of the object</param>
        </member>
        <member name="M:GTranslatorAPI.Translator.CheckCodeIsValid(System.Nullable{GTranslatorAPI.Languages})">
            <summary>
            check if a language code is valid. abort if false
            </summary>
            <param name="languageCode"></param>
        </member>
    </members>
</doc>
